,Spread Households,Spread Firms,Spread Banks,Spread Government,Tone_Household,Tone_Firms,Tone_Banks,Tone_Government,Periods,,,,,,,,,,,
1965-Q1,-2.9,-1.5,-1,-2.8,1,NA,0.4,1,Great Inflation,,,,,,,,,,,
1965-Q2,-2.1,-0.5,-0.7,-1.7,1,NA,-0.2,NA,Great Inflation,,,,,,,,,,,
1965-Q3,-1.9,-0.5,0,-1.1,1,1,1,NA,Great Inflation,,,,,,,,,,,
1965-Q4,-1.1,0,0.3,0.2,0.333333333,0.8,1,0,Great Inflation,,,,,,,,,,,
1966-Q1,-0.9,0,0.2,1.6,0.666666667,1,1,-0.666666667,Great Inflation,,,,,,,,,,,
1966-Q2,-0.7,0.2,0.4,2.5,-0.111111111,1,0.62962963,0,Great Inflation,,,,,,,,,,,
1966-Q3,-0.5,0.5,-1.2,3.6,-1,1,0.355555556,1,Great Inflation,,,,,,,,,,,
1966-Q4,-0.2,0.6,-0.8,3.6,0.538461539,0.875,0.633333333,-0.2,Great Inflation,,,,,,,,,,,
1967-Q1,-1.4,-0.8,0.8,3.5,0.333333333,1,0.52,0.083333333,Great Inflation,,,,,,,,,,,
1967-Q2,-1.5,-1.3,1.5,2.7,1,0.75,0.87755102,0.777777778,Great Inflation,,,,,,,,,,,
1967-Q3,-1.5,-1.3,3.4,1.3,0.5,0.7,0,0,Great Inflation,,,,,,,,,,,
1967-Q4,-1.5,-1.2,3.5,0.7,0.333333333,0.2,0.222222222,-1,Great Inflation,,,,,,,,,,,
1968-Q1,-0.3,1,2.4,1.7,0.4,1,-0.333333333,-0.6,Great Inflation,,,,,,,,,,,
1968-Q2,0.1,1.4,2.8,1.7,0.708333333,1,-0.040816327,-0.642857143,Great Inflation,,,,,,,,,,,
1968-Q3,0.5,2.1,3.2,1.9,0.613333333,0.777777778,-0.020408163,0,Great Inflation,,,,,,,,,,,
1968-Q4,0.7,2.5,4.5,1.7,1,0,-0.642857143,1,Great Inflation,,,,,,,,,,,
1969-Q1,-0.4,1.8,4.3,0.7,0.0625,1,0.8,0.507936508,Great Inflation,,,,,,,,,,,
1969-Q2,0,1.9,1.6,1.1,0.100529101,0.333333333,0.5,-1,Great Inflation,,,,,,,,,,,
1969-Q3,0.2,1.1,1,1.3,1,0,0.2,1,Great Inflation,,,,,,,,,,,
1969-Q4,0.5,1.2,-0.6,1,0.03030303,0.2,1,0.333333333,Great Inflation,,,,,,,,,,,
1970-Q1,-0.1,0.8,0.3,1.3,0.1,0.444444444,-0.2,-0.033333333,Great Inflation,,,,,,,,,,,
1970-Q2,0.5,1.2,-1.1,0.4,-0.333333333,-0.008333333,-0.041666667,0,Great Inflation,,,,,,,,,,,
1970-Q3,0.4,0.6,1.4,-0.2,0.4,0.166666667,1,0.25,Great Inflation,,,,,,,,,,,
1970-Q4,0.2,0.9,4,0.5,0.177777778,0,0.142857143,0.5,Great Inflation,,,,,,,,,,,
1971-Q1,1.3,2.6,5.8,0.5,0.090909091,0.625,0.690476191,1,Great Inflation,,,,,,,,,,,
1971-Q2,0,2.2,5.9,-0.2,0.414814815,0.6,-0.047619048,-0.333333333,Great Inflation,,,,,,,,,,,
1971-Q3,-0.4,1.8,3.5,-0.6,0.8,-0.111111111,NA,-1,Great Inflation,,,,,,,,,,,
1971-Q4,-1.3,1.4,3.2,-1.3,-0.5,0.093333333,0.272727273,-0.75,Great Inflation,,,,,,,,,,,
1972-Q1,-1.5,2.1,3.4,-0.6,-0.052380952,0.155555556,0.6,0.142857143,Great Inflation,,,,,,,,,,,
1972-Q2,-1.5,1.6,2.2,-0.4,0.272222222,0.61038961,1,-0.111111111,Great Inflation,,,,,,,,,,,
1972-Q3,-1.8,1.3,2,-1.7,0.047619048,0.333333333,0.333333333,-0.5,Great Inflation,,,,,,,,,,,
1972-Q4,-0.8,1.9,3.4,-0.6,0.4,0.7,0.75,-0.6,Great Inflation,,,,,,,,,,,
1973-Q1,0.1,2.3,0.9,-0.4,0.626262626,-0.5,0.428571429,0.8,Great Inflation,,,,,,,,,,,
1973-Q2,1.2,3.6,1.4,0.9,0.678571429,0.2,0.733333333,-0.833333333,Great Inflation,,,,,,,,,,,
1973-Q3,1.3,3.4,1.8,2.6,0.083333333,0.190476191,-0.296296296,0,Great Inflation,,,,,,,,,,,
1973-Q4,3,4.6,2,4.9,-0.52,0.305555556,0.619047619,1,Great Inflation,,,,,,,,,,,
1974-Q1,4.6,6.8,5.7,7.1,0.616666667,-0.055555556,-0.5,0,Great Inflation,,,,,,,,,,,
1974-Q2,4.6,6.3,4.2,7.8,0.351111111,-0.425925926,0.555555556,-0.416666667,Great Inflation,,,,,,,,,,,
1974-Q3,4.8,6.5,3.9,9.3,-0.155555556,0.313131313,0.277777778,0.224489796,Great Inflation,,,,,,,,,,,
1974-Q4,6.5,8.2,9.6,10.7,0.095238095,0.375,0.066666667,0,Great Inflation,,,,,,,,,,,
1975-Q1,6.1,8.5,12.3,9,-0.006666667,-0.421212121,0.573333333,-0.133333333,Great Inflation,,,,,,,,,,,
1975-Q2,4.8,8.2,11.6,6.2,0.236639119,-0.75,0,-0.875,Great Inflation,,,,,,,,,,,
1975-Q3,4,7.2,10.5,5.4,0.297777778,0.266666667,0.55,-0.46031746,Great Inflation,,,,,,,,,,,
1975-Q4,1.9,5.4,9.3,3.5,0,-0.142857143,0.196969697,-0.727777778,Great Inflation,,,,,,,,,,,
1976-Q1,1.3,6.2,8.1,2,-0.133333333,0.25,0.375,0.466666667,Great Inflation,,,,,,,,,,,
1976-Q2,0.7,5.3,6,1.8,0.511111111,0.916666667,-0.2,-0.041666667,Great Inflation,,,,,,,,,,,
1976-Q3,-0.4,3.6,6.6,0.5,0.314285714,0.333333333,-0.333333333,0,Great Inflation,,,,,,,,,,,
1976-Q4,-0.7,3.2,6.2,0.6,0,-0.5,0.555555556,1,Great Inflation,,,,,,,,,,,
1977-Q1,0.2,4.4,5.7,1.9,0,0.071428571,0.6,0,Great Inflation,,,,,,,,,,,
1977-Q2,1.1,6.5,6.9,3.4,0.256410256,0.5,0.083333333,-1,Great Inflation,,,,,,,,,,,
1977-Q3,1.1,6.2,5.7,3.1,-0.233333333,NA,-1,0.333333333,Great Inflation,,,,,,,,,,,
1977-Q4,0.5,5.4,4.7,2.5,0.015151515,0.333333333,0.8,-0.066666667,Great Inflation,,,,,,,,,,,
1978-Q1,0.1,4.5,4.8,2.2,0.619047619,0.153846154,0.6,-0.6,Great Inflation,,,,,,,,,,,
1978-Q2,0.5,5,5,2.7,-0.06031746,-0.068181818,0.777777778,-0.688888889,Great Inflation,,,,,,,,,,,
1978-Q3,1.4,5.2,6.8,4,0.077777778,0.322222222,0.333333333,-0.6,Great Inflation,,,,,,,,,,,
1978-Q4,2.5,5.4,6.8,5.1,0.047301587,-0.37037037,-0.25,-0.654761905,Great Inflation,,,,,,,,,,,
1979-Q1,3.2,5.7,9.1,5.9,0.401785714,0.190476191,-0.076530612,-0.2,Great Inflation,,,,,,,,,,,
1979-Q2,3.3,6.2,10.1,7,0.666666667,-0.666666667,-0.307692308,-0.555555556,Great Inflation,,,,,,,,,,,
1979-Q3,4.3,7.4,10.7,8.4,-0.166666667,-0.222222222,0.333333333,-0.652777778,Great Inflation,,,,,,,,,,,
1979-Q4,3.6,5.5,10.5,8.3,0.145833333,0,0.003663004,-0.075,Great Inflation,,,,,,,,,,,
1980-Q1,3.6,6.5,8.8,9.4,0.060606061,0,0.327272727,0,Great Inflation,,,,,,,,,,,
1980-Q2,6.2,6.2,17.3,11.3,-0.115942029,-0.428571429,-0.136904762,-0.296296296,Great Inflation,,,,,,,,,,,
1980-Q3,3.9,8.8,13.4,8.5,0.287179487,-0.046886447,-0.2,0.033333333,Great Inflation,,,,,,,,,,,
1980-Q4,2.3,4.1,5.6,7.1,0.25,0.785714286,-0.406060606,0.25,Great Inflation,,,,,,,,,,,
1981-Q1,0.1,0.2,7.9,4.3,-0.476190476,0.444444444,-0.121212121,-0.666666667,Great Inflation,,,,,,,,,,,
1981-Q2,-3,-1.1,0.1,2,0.2,0.363636364,-0.395454546,-0.416666667,Great Inflation,,,,,,,,,,,
1981-Q3,-3,-0.8,3,2.6,-0.12,-0.523809524,0.2,-0.222222222,Great Inflation,,,,,,,,,,,
1981-Q4,-3.9,-0.6,4,1.7,0.35,-0.818181818,-0.520833333,-0.486742424,Great Inflation,,,,,,,,,,,
1982-Q1,-7.1,-3.9,-2.7,-1.5,-0.114285714,0.5,-0.523809524,-0.357142857,Great Inflation,,,,,,,,,,,
1982-Q2,-7.4,-5.7,-3.7,-2.3,-0.251851852,0.5,0.055555556,0.142857143,Great Inflation,,,,,,,,,,,
1982-Q3,-7.5,-6,0,-2.7,0.2,-0.066666667,-0.30248366,-0.714285714,Great Inflation,,,,,,,,,,,
1982-Q4,-6.8,-5.3,-0.4,-2.1,-0.333333333,1,0.727272727,-0.366666667,Great Inflation,,,,,,,,,,,
1983-Q1,-6.7,-5,0,-3.3,-0.027777778,0.555555556,0,-1,Great Moderation,,,,,,,,,,,
1983-Q2,-6.5,-4.6,0.8,-3.8,0.5,0.185185185,0.666666667,-1,Great Moderation,,,,,,,,,,,
1983-Q3,-8.2,-5.4,-1.6,-5.9,0.5,1,0.833333333,0.555555556,Great Moderation,,,,,,,,,,,
1983-Q4,-7.1,-3.6,-2.1,-5.2,0.333333333,0.866666667,0.024242424,0.271428571,Great Moderation,,,,,,,,,,,
1984-Q1,-5.8,-1.3,-1.6,-3.8,0.236111111,0.333333333,0.703703704,-0.415018315,Great Moderation,,,,,,,,,,,
1984-Q2,-7.5,-3.1,-4.3,-5.4,0.296825397,0.777777778,0.541396104,-0.378446115,Great Moderation,,,,,,,,,,,
1984-Q3,-7.5,-4.3,-4.1,-5.3,0,-1,0.166666667,-1,Great Moderation,,,,,,,,,,,
1984-Q4,-6.7,-3.8,-0.8,-4,0.5,0.9,0.733333333,-0.575,Great Moderation,,,,,,,,,,,
1985-Q1,-7.3,-4.1,-0.6,-4.6,0.385714286,0.005882353,0.466666667,0.15625,Great Moderation,,,,,,,,,,,
1985-Q2,-6.2,-3.7,1.5,-3.4,0.090909091,0.471428571,0.151190476,-0.148443223,Great Moderation,,,,,,,,,,,
1985-Q3,-6.5,-3.4,-0.6,-2.9,-0.428571429,0.047619048,0.126666667,0.031746032,Great Moderation,,,,,,,,,,,
1985-Q4,-5.3,-3.4,0.8,-2.9,0.87962963,0.217777778,-0.194444444,-0.184027778,Great Moderation,,,,,,,,,,,
1986-Q1,-4.4,-4.1,0.9,-2.6,0.904761905,-0.5,-0.142857143,0.052380952,Great Moderation,,,,,,,,,,,
1986-Q2,-6.7,-5.9,-1.2,-3.4,0,0.4125,-0.033333333,0.333333333,Great Moderation,,,,,,,,,,,
1986-Q3,-6.2,-5.4,-0.2,-3.1,0.638888889,1,-1,-0.5,Great Moderation,,,,,,,,,,,
1986-Q4,-6.1,-5.3,-2.2,-4.3,0.666666667,0.611111111,-0.034090909,0.047619048,Great Moderation,,,,,,,,,,,
1987-Q1,-5.1,-3.7,0.5,-2.7,0.125,-0.394117647,0.248148148,-0.6875,Great Moderation,,,,,,,,,,,
1987-Q2,-4.7,-1.4,2.4,-2,-1.17E-16,0.222222222,0.333333333,0.05,Great Moderation,,,,,,,,,,,
1987-Q3,-4.6,-0.7,3.8,-2.4,0.75,-1,0.666666667,0.5,Great Moderation,,,,,,,,,,,
1987-Q4,-3.7,-0.7,1.1,-1.7,0.944444444,0.380952381,0.142857143,-0.566666667,Great Moderation,,,,,,,,,,,
1988-Q1,-3.4,-1,-0.2,-2.1,0.350877193,-0.296296296,-0.4996633,-0.571428571,Great Moderation,,,,,,,,,,,
1988-Q2,-4.1,-1.3,-1.4,-3.1,0.416666667,0.6,-0.321428571,-0.388888889,Great Moderation,,,,,,,,,,,
1988-Q3,-3.9,-2.2,-2.4,-3.4,0.5,1,0.4,-1,Great Moderation,,,,,,,,,,,
1988-Q4,-3.9,-2.2,0.3,-2.5,0.5,0,-0.171875,-0.355555556,Great Moderation,,,,,,,,,,,
1989-Q1,-3.8,-2.6,-0.7,-2.2,0.261904762,-0.266666667,0.058333333,-0.881944444,Great Moderation,,,,,,,,,,,
1989-Q2,-2.4,-2.8,0.7,-0.9,0.111111111,0.347619048,-0.301282051,-0.527777778,Great Moderation,,,,,,,,,,,
1989-Q3,-3,-3,1,-0.6,-0.75,-0.466666667,0,0,Great Moderation,,,,,,,,,,,
1989-Q4,-2.7,-3.4,0.8,-1.3,0.507575758,0.523809524,-0.641975309,1,Great Moderation,,,,,,,,,,,
1990-Q1,-2.3,-1.7,1.7,-0.1,0.481481482,0.1,-0.38949495,-0.020833333,Great Moderation,,,,,,,,,,,
1990-Q2,-2.9,-2.3,0.3,-1.5,0.561904762,0.285714286,-0.153052262,0.5,Great Moderation,,,,,,,,,,,
1990-Q3,-1.7,-1.1,0.1,-0.7,0.2,0.333333333,0.134427684,-0.5,Great Moderation,,,,,,,,,,,
1990-Q4,-0.6,-0.3,2.7,1,-0.666666667,0.714285714,-0.430107527,-0.6,Great Moderation,,,,,,,,,,,
1991-Q1,-1.8,-1.1,3.6,-0.1,0.644444444,-0.384615385,-0.212121212,-0.222222222,Great Moderation,,,,,,,,,,,
1991-Q2,-2.2,-1.5,2.4,-0.9,0.6,-1,-0.618333333,0,Great Moderation,,,,,,,,,,,
1991-Q3,-2.7,-2.6,2.8,-1.9,0.5,0.5,0.5,-0.45,Great Moderation,,,,,,,,,,,
1991-Q4,-2.9,-2.9,2.5,-3.3,0.6,-0.5,0.133333333,0,Great Moderation,,,,,,,,,,,
1992-Q1,-3.1,-1.6,1.4,-3.8,0.833333333,0,-0.016666667,0.166666667,Great Moderation,,,,,,,,,,,
1992-Q2,-2.6,-1.1,2.1,-3.6,0.375,0.777777778,-0.106389906,0,Great Moderation,,,,,,,,,,,
1992-Q3,-1.9,-0.7,2.5,-2.3,0.80952381,1,-0.193333333,0.222222222,Great Moderation,,,,,,,,,,,
1992-Q4,-2.3,-0.4,2.6,-2.1,0.619047619,1,0.25,0,Great Moderation,,,,,,,,,,,
1993-Q1,-2.1,-0.7,3.1,-2.2,0.377037037,0.407407407,-0.242857143,-0.545454546,Great Moderation,,,,,,,,,,,
1993-Q2,-2.5,-0.5,3.4,-2.1,0.694444444,0.714285714,-0.619047619,0,Great Moderation,,,,,,,,,,,
1993-Q3,-2.6,-1,2.8,-2.7,0.666666667,1,0.285714286,0,Great Moderation,,,,,,,,,,,
1993-Q4,-2.9,-0.9,2.5,-2.4,0.6,1,-0.333333333,-0.5,Great Moderation,,,,,,,,,,,
1994-Q1,-3.4,-0.8,1.1,-3.1,0.428571429,0,-0.047619048,0.033333333,Great Moderation,,,,,,,,,,,
1994-Q2,-4.1,-1.8,-0.3,-4,0.290476191,-0.111111111,-0.329365079,0.471428571,Great Moderation,,,,,,,,,,,
1994-Q3,-4,-1.5,0.2,-3,0.8,1,-0.064285714,-0.025,Great Moderation,,,,,,,,,,,
1994-Q4,-4.6,-2.7,-1.3,-4.7,-0.107407407,1,0.350308642,0.433333333,Great Moderation,,,,,,,,,,,
1995-Q1,-3.7,-3.3,-0.3,-3.2,0.115384615,0.666666667,-0.092592593,-0.4,Great Moderation,,,,,,,,,,,
1995-Q2,-2.4,-3.5,1.2,-2.1,0.666666667,0.733333333,0.277777778,0.047619048,Great Moderation,,,,,,,,,,,
1995-Q3,-2.9,-3.8,0.9,-3.1,0.333333333,1,0.6,-0.333333333,Great Moderation,,,,,,,,,,,
1995-Q4,-2.6,-4,1.5,-2.4,0.555555556,1,0.644444444,-0.444444444,Great Moderation,,,,,,,,,,,
1996-Q1,-2.7,-3.3,1.8,-2,1,1,0.016666667,0,Great Moderation,,,,,,,,,,,
1996-Q2,-3.2,-2.8,1.6,-2.7,0.838888889,0.847222222,0.866666667,-0.6,Great Moderation,,,,,,,,,,,
1996-Q3,-2.9,-2.8,0.8,-2.7,0,-1,1,NA,Great Moderation,,,,,,,,,,,
1996-Q4,-2.1,-2.3,0.9,-1.6,0.055555556,0.571428571,-0.333333333,0,Great Moderation,,,,,,,,,,,
1997-Q1,-2.9,-2.7,-0.1,-2.9,0.75,1,0.275,-0.666666667,Great Moderation,,,,,,,,,,,
1997-Q2,-3.3,-3.8,-0.2,-3.3,0.586734694,0.663636364,-0.021645022,-0.4,Great Moderation,,,,,,,,,,,
1997-Q3,-3.1,-3.8,0.6,-3,0.502020202,0.708333333,-0.25,-0.333333333,Great Moderation,,,,,,,,,,,
1997-Q4,-3.1,-4.4,0.3,-2.8,0.62962963,1,-0.2,0.333333333,Great Moderation,,,,,,,,,,,
1998-Q1,-3.3,-5.4,1.4,-3.3,0.647296494,0.637037037,-0.07518797,0.166666667,Great Moderation,,,,,,,,,,,
1998-Q2,-3.3,-5.2,0.7,-3.2,0.353846154,0.62,0.073093573,0,Great Moderation,,,,,,,,,,,
1998-Q3,-2.9,-5.3,-2.2,-2.3,0.917948718,0.66875,0.173214286,1,Great Moderation,,,,,,,,,,,
1998-Q4,-2.9,-4.9,0.7,-2.2,0.708333333,-0.105555556,0.107602339,-0.333333333,Great Moderation,,,,,,,,,,,
1999-Q1,-2.9,-4.2,-0.4,-1.3,0.793197279,0.613756614,0.244230769,0.055555556,Great Moderation,,,,,,,,,,,
1999-Q2,-2.9,-3.7,0.8,-1.7,0.776497345,0.42948718,-0.037037037,0,Great Moderation,,,,,,,,,,,
1999-Q3,-3,-4,1.9,-1.6,0.856410256,0.613636364,0.259259259,NA,Great Moderation,,,,,,,,,,,
1999-Q4,-2.6,-3.6,3.1,-0.8,0.602962963,0.636874237,0.502777778,0,Great Moderation,,,,,,,,,,,
2000-Q1,-2.6,-2.8,4,-1.1,0.798997494,0.340476191,0.242424242,0.75,Great Moderation,,,,,,,,,,,
2000-Q2,-2.1,-3.2,1.1,-0.1,0.85,0.685260771,0.41031746,1,Great Moderation,,,,,,,,,,,
2000-Q3,-1.7,-3.1,2,-0.4,0.888095238,0.777777778,0.306060606,-1,Great Moderation,,,,,,,,,,,
2000-Q4,-1.4,-3.8,-3.1,-0.5,0.868888889,0.773148148,0.3125,0,Great Moderation,,,,,,,,,,,
2001-Q1,-1.1,-3.9,-4.4,0.9,0.351515152,0.448126233,-0.221031746,-1,Great Moderation,,,,,,,,,,,
2001-Q2,-1.4,-2.9,-1.5,0.2,0.707246377,0.715608466,-0.015376984,0.6,Great Moderation,,,,,,,,,,,
2001-Q3,-1.7,-3.6,-3.3,0.2,0.125,0.48,0.444444444,-1,Great Moderation,,,,,,,,,,,
2001-Q4,-2.9,-3.6,-0.7,-0.6,0.214285714,0.297435897,0.333862434,-0.5,Great Moderation,,,,,,,,,,,
2002-Q1,-3,-3.6,0,-1.4,0.575757576,0.354636592,-0.110364146,-0.142857143,Great Moderation,,,,,,,,,,,
2002-Q2,-3,-3.3,-2.4,-1.2,0.875,0.6,0.294444444,1,Great Moderation,,,,,,,,,,,
2002-Q3,-2,-2.5,-1.8,0.1,-0.333333333,0.875,0.729166667,1,Great Moderation,,,,,,,,,,,
2002-Q4,-1.5,-0.8,-0.8,1.6,0.625925926,0.83987013,0.500732601,-0.706666667,Great Moderation,,,,,,,,,,,
2003-Q1,-0.7,0.2,0.3,2,0.438655462,0.813015873,-0.392857143,-1,Great Moderation,,,,,,,,,,,
2003-Q2,-0.8,-0.8,2.1,1.9,0.490196078,0.717320261,-0.445571096,0.333333333,Great Moderation,,,,,,,,,,,
2003-Q3,-1.3,-0.2,4.8,1.2,0.265800866,0.651960784,0.472727273,-1,Great Moderation,,,,,,,,,,,
2003-Q4,-1.1,-0.6,5,0.6,0.013457557,0.542857143,-0.142592593,-0.285714286,Great Moderation,,,,,,,,,,,
2004-Q1,-1.1,-0.2,5.6,0.7,0.365769496,0.516584565,-0.006944444,-0.75,Great Moderation,,,,,,,,,,,
2004-Q2,-0.7,1.6,5.8,0.8,0.017729185,0.509984639,0.024725275,-0.428571429,Great Moderation,,,,,,,,,,,
2004-Q3,-0.8,1,4.3,1.4,0.138888889,0.427222222,-0.5,0.333333333,Great Moderation,,,,,,,,,,,
2004-Q4,-0.1,1.2,4.8,1.7,0.15026455,0.310846561,-0.082142857,-0.333333333,Great Moderation,,,,,,,,,,,
2005-Q1,-0.3,0.4,3.4,1.4,0.384992785,0.171688691,-0.284902597,0.383037475,Great Moderation,,,,,,,,,,,
2005-Q2,-0.4,-0.2,3,1.4,0.544823232,0.479242424,0.251446593,0.4,Great Moderation,,,,,,,,,,,
2005-Q3,0.6,0.2,4.5,2.2,0.298941799,0.551282051,-0.041904762,1,Great Moderation,,,,,,,,,,,
2005-Q4,-0.1,0.1,2.7,1.9,0.530769231,0.33989899,-0.035800179,-0.619047619,Great Moderation,,,,,,,,,,,
2006-Q1,-0.4,-0.6,3.1,1.7,0.733333333,0.761904762,0.326190476,0.75,Great Moderation,,,,,,,,,,,
2006-Q2,-0.3,-0.9,2.6,1.6,0.631944444,0.706349206,0.112245835,-0.272727273,Great Moderation,,,,,,,,,,,
2006-Q3,-1.1,-1.9,1.1,0.4,-0.125,1,0.233333333,-1,Great Moderation,,,,,,,,,,,
2006-Q4,-2.4,-4.7,-0.6,-0.5,0.579019129,0.32631579,-0.321212121,0.481481482,Great Moderation,,,,,,,,,,,
2007-Q1,-2,-4.1,-0.4,-0.3,0.737055075,-0.112585034,0.324428571,-0.5,Great Moderation,,,,,,,,,,,
2007-Q2,-2,-3.7,1.2,0.1,0.533333333,-0.032539683,0.115555556,-0.25,Great Moderation,,,,,,,,,,,
2007-Q3,-1.8,-4.8,0.8,0.4,0.508452951,0.394444444,-0.482291255,0,Post-Crisis and after,,,,,,,,,,,
2007-Q4,0.5,-1.5,3,2.7,0.104166667,0.5,-0.601345756,1,Post-Crisis and after,,,,,,,,,,,
2008-Q1,0.5,-0.3,3.5,3.8,-0.114942529,0.212121212,-0.684946237,NA,Post-Crisis and after,,,,,,,,,,,
2008-Q2,0.7,1.1,3.6,3.9,0.28125,0.041666667,-0.4252501,-1,Post-Crisis and after,,,,,,,,,,,
2008-Q3,2,3.3,4.3,5.4,-0.625,-0.1,-0.415972222,NA,Post-Crisis and after,,,,,,,,,,,
2008-Q4,-2.3,-2.2,-2.3,1,0.17948718,0.285714286,-0.173015873,0.6,Post-Crisis and after,,,,,,,,,,,
2009-Q1,-3.6,-5,-5.3,-1.4,0.487179487,0.5,-0.176026273,0.833333333,Post-Crisis and after,,,,,,,,,,,
2009-Q2,-5.2,-6.9,-6.4,-3.5,0.439393939,0.574074074,0.067470625,0.333333333,Post-Crisis and after,,,,,,,,,,,
2009-Q3,-5.1,-7.9,-5.4,-4.6,-0.092307692,0,-0.176868687,1,Post-Crisis and after,,,,,,,,,,,
2009-Q4,-0.6,-2.2,2.6,-0.4,-0.185897436,0.461538462,-0.060822511,0.571428571,Post-Crisis and after,,,,,,,,,,,
2010-Q1,0.4,1,5.3,0.7,-0.5,0.505263158,-0.305357143,-0.333333333,Post-Crisis and after,,,,,,,,,,,
2010-Q2,-0.6,0.7,2.1,0,0.242307692,0.436231884,-0.347245565,-0.125,Post-Crisis and after,,,,,,,,,,,
2010-Q3,-1.2,0.4,1.1,-0.2,-0.045833333,0.422222222,-0.498245614,-0.4,Post-Crisis and after,,,,,,,,,,,
2010-Q4,-1.7,-0.1,1.7,-0.4,0.229506803,0.5,0.135416667,-0.184615385,Post-Crisis and after,,,,,,,,,,,
2011-Q1,-1,1.1,3.9,-0.4,0.103663004,0.457142857,0.093205128,-0.5,Post-Crisis and after,,,,,,,,,,,
2011-Q2,0.9,3.2,7.3,1.5,0.24954955,0.475,-0.405080097,0.375,Post-Crisis and after,,,,,,,,,,,
2011-Q3,1.5,3.4,5.4,2.5,0.288148148,-0.083333333,0,-0.333333333,Post-Crisis and after,,,,,,,,,,,
2011-Q4,1.1,2.8,4.6,2,-0.036164274,0.229166667,-0.615327381,-0.666666667,Post-Crisis and after,,,,,,,,,,,
2012-Q1,0.8,2.6,4,1.6,0.157965368,0.733333333,-0.514718615,0.166666667,Post-Crisis and after,,,,,,,,,,,
2012-Q2,0,0.9,2.2,0.3,0.375963719,0.175,-0.319067969,-0.6,Post-Crisis and after,,,,,,,,,,,
2012-Q3,0,0.2,4,0.4,0.581632653,1,0.228571429,-0.666666667,Post-Crisis and after,,,,,,,,,,,
2012-Q4,0.1,0.9,3.3,0.3,0.609940788,0.464285714,-0.634188034,-0.777777778,Post-Crisis and after,,,,,,,,,,,
2013-Q1,-0.3,0.2,3.1,-0.4,0.688055556,0.714285714,-0.717307692,-0.487179487,Post-Crisis and after,,,,,,,,,,,
2013-Q2,-1.4,-0.4,3.2,-0.8,0.463809524,0.261904762,-0.561148728,0,Post-Crisis and after,,,,,,,,,,,
2013-Q3,-1.4,-0.1,3.8,-1.6,0.57948718,0,-0.174655047,NA,Post-Crisis and after,,,,,,,,,,,
2013-Q4,-1.5,-0.8,4.3,-1.7,0.721827898,0.314285714,-0.246031746,0.142857143,Post-Crisis and after,,,,,,,,,,,
2014-Q1,-1.6,-0.7,3.7,-1.2,0.488484849,0.36,-0.49859944,-0.666666667,Post-Crisis and after,,,,,,,,,,,
2014-Q2,-0.3,0.6,5.5,-0.3,0.562656642,0.212121212,-0.409546703,-0.333333333,Post-Crisis and after,,,,,,,,,,,
2014-Q3,-0.6,0.8,4,0.1,0.477564103,0.5875,-0.286390533,-0.111111111,Post-Crisis and after,,,,,,,,,,,
2014-Q4,-1.2,0.1,2.4,-0.7,0.455263158,1,-0.190104167,0.833333333,Post-Crisis and after,,,,,,,,,,,
2015-Q1,-2.2,-2,-0.1,-1.8,0.724074074,0.583333333,-0.338468721,0.2,Post-Crisis and after,,,,,,,,,,,
2015-Q2,-2.7,-2.5,-0.8,-1.9,0.579220779,0.61,-0.61038961,0.666666667,Post-Crisis and after,,,,,,,,,,,
2015-Q3,-2.6,-2.5,-1.5,-2.1,0.690833333,0.3,-0.083333333,-1,Post-Crisis and after,,,,,,,,,,,
2015-Q4,-2.2,-2.3,-0.7,-1.2,0.63954009,0.615384615,-0.215079365,0,Post-Crisis and after,,,,,,,,,,,
2016-Q1,-1.3,-1.8,0.2,-0.1,0.633792662,0.561403509,-0.387878788,1,Post-Crisis and after,,,,,,,,,,,
2016-Q2,-1.2,-2,0.2,-0.2,0.793111041,0.176923077,-0.414141414,-1,Post-Crisis and after,,,,,,,,,,,
2016-Q3,-0.9,-1.9,1.7,0.4,0.550641026,0.243290043,-0.23015873,NA,Post-Crisis and after,,,,,,,,,,,
2016-Q4,-0.7,-0.6,2.2,0.6,0.457671958,0.084033613,-0.544444444,-0.1,Post-Crisis and after,,,,,,,,,,,
2017-Q1,0.3,0.6,3.9,1.3,0.679329004,0.205128205,-0.236111111,0.387755102,Post-Crisis and after,,,,,,,,,,,
2017-Q2,-0.3,-0.1,2.5,1.1,0.642222222,0.555555556,0.094336433,-1,Post-Crisis and after,,,,,,,,,,,
2017-Q3,0,-0.3,2.6,1,0.721048419,0.607142857,0.128005198,-1,Post-Crisis and after,,,,,,,,,,,
2017-Q4,0,-0.1,3.6,1.4,0.935897436,0.5,0.075,-1,Post-Crisis and after,,,,,,,,,,,
2018-Q1,-0.3,-0.2,2.7,1.4,0.773202614,0.438271605,0.012820513,0.2,Post-Crisis and after,,,,,,,,,,,
2018-Q2,0.4,0.2,3.6,2,0.726769424,0.848484849,0.006354394,1,Post-Crisis and after,,,,,,,,,,,
2018-Q3,0,0.2,3.7,2.1,0.879464286,0.111111111,0.476190476,-1,Post-Crisis and after,,,,,,,,,,,
2018-Q4,-0.5,-0.8,-0.4,1.4,0.586666667,0.291666667,0,-1,Post-Crisis and after,,,,,,,,,,,
2019-Q1,-0.7,-2.1,0.3,1.1,0.85962963,0.077777778,-0.159111111,-0.666666667,Post-Crisis and after,,,,,,,,,,,
2019-Q2,0.1,-1.9,0.5,1.4,0.732323232,0.212962963,-0.042857143,-1,Post-Crisis and after,,,,,,,,,,,
2019-Q3,0.1,-2,0,1.9,0.688359788,0.333333333,0.333333333,1,Post-Crisis and after,,,,,,,,,,,
2019-Q4,0.5,-1.2,4.4,2.2,0.784057971,0.305555556,0.55952381,0,Post-Crisis and after,,,,,,,,,,,
2020-Q1,0.4,-1,0.8,2.6,0.933333333,0.3,0.360606061,0.333333333,Post-Crisis and after,,,,,,,,,,,
2020-Q2,-1.1,-6,1,1,-0.333333333,0.142857143,0.625,1,Post-Crisis and after,,,,,,,,,,,
2020-Q3,0.5,-3,4.1,2,0.339393939,0.333333333,0.215686275,0.9,Post-Crisis and after,,,,,,,,,,,
2020-Q4,0.5,-1.8,5.7,1.9,0.488662132,0.625,0.257142857,1,Post-Crisis and after,,,,,,,,,,,
,,,,,,,,,,,,,,,,,,,,
,,,,,,,,,,,,,,,,,,,,
,,,,,,,,,,,,,,,,,,,,
,,,,,,,,,,,,,,,,,,,,
,,,,,,,,,,,,,,,,,,,,
,,,,,,,,,,,,,,,,,,,,
,,,,,,,,,,,,,,,,,,,,
,,,,,,,,,,,,,,,,,,,,
,,,,,,,,,,,,,,,,,,,,
,,,,,,,,,,,,,,,,,,,,
,,,,,,,,,,,,,,,,,,,,
,,,,,,,,,,,,,,,,,,,,
,,,,,,,,,,,,,,,,,,,,
,,,,,,,,,,,,,,,,,,,,
,,,,,,,,,,,,,,,,,,,,
,,,,,,,,,,,,,,,,,,,,
,,,,,,,,,,,,,,,,,,,,
,,,,,,,,,,,,,,,,,,,,
,,,,,,,,,,,,,,,,,,,,
,,,,,,,,,,,,,,,,,,,,
,,,,,,,,,,,,,,,,,,,,
,,,,,,,,,,,,,,,,,,,,
,,,,,,,,,,,,,,,,,,,,
,,,,,,,,,,,,,,,,,,,,
,,,,,,,,,,,,,,,,,,,,
,,,,,,,,,,,,,,,,,,,,
,,,,,,,,,,,,,,,,,,,,
,,,,,,,,,,,,,,,,,,,,
,,,,,,,,,,,,,,,,,,,,
,,,,,,,,,,,,,,,,,,,,
,,,,,,,,,,,,,,,,,,,,
,,,,,,,,,,,,,,,,,,,,
,,,,,,,,,,,,,,,,,,,,
,,,,,,,,,,,,,,,,,,,,
,,,,,,,,,,,,,,,,,,,,
,,,,,,,,,,,,,,,,,,,,
,,,,,,,,,,,,,,,,,,,,
,,,,,,,,,,,,,,,,,,,,
,,,,,,,,,,,,,,,,,,,,
,,,,,,,,,,,,,,,,,,,,
,,,,,,,,,,,,,,,,,,,,
,,,,,,,,,,,,,,,,,,,,
,,,,,,,,,,,,,,,,,,,,
,,,,,,,,,,,,,,,,,,,,
,,,,,,,,,,,,,,,,,,,,
,,,,,,,,,,,,,,,,,,,,
,,,,,,,,,,,,,,,,,,,,
,,,,,,,,,,,,,,,,,,,,
,,,,,,,,,,,,,,,,,,,,
,,,,,,,,,,,,,,,,,,,,
,,,,,,,,,,,,,,,,,,,,
,,,,,,,,,,,,,,,,,,,,
,,,,,,,,,,,,,,,,,,,,
,,,,,,,,,,,,,,,,,,,,
,,,,,,,,,,,,,,,,,,,,
,,,,,,,,,,,,,,,,,,,,
,,,,,,,,,,,,,,,,,,,,
,,,,,,,,,,,,,,,,,,,,
,,,,,,,,,,,,,,,,,,,,
,,,,,,,,,,,,,,,,,,,,
,,,,,,,,,,,,,,,,,,,,
,,,,,,,,,,,,,,,,,,,,
,,,,,,,,,,,,,,,,,,,,
,,,,,,,,,,,,,,,,,,,,
,,,,,,,,,,,,,,,,,,,,
,,,,,,,,,,,,,,,,,,,,
,,,,,,,,,,,,,,,,,,,,
,,,,,,,,,,,,,,,,,,,,
,,,,,,,,,,,,,,,,,,,,
,,,,,,,,,,,,,,,,,,,,
,,,,,,,,,,,,,,,,,,,,
,,,,,,,,,,,,,,,,,,,,
,,,,,,,,,,,,,,,,,,,,
,,,,,,,,,,,,,,,,,,,,
,,,,,,,,,,,,,,,,,,,,
,,,,,,,,,,,,,,,,,,,,
,,,,,,,,,,,,,,,,,,,,
,,,,,,,,,,,,,,,,,,,,
,,,,,,,,,,,,,,,,,,,,
,,,,,,,,,,,,,,,,,,,,
,,,,,,,,,,,,,,,,,,,,
,,,,,,,,,,,,,,,,,,,,
,,,,,,,,,,,,,,,,,,,,
,,,,,,,,,,,,,,,,,,,,
,,,,,,,,,,,,,,,,,,,,
,,,,,,,,,,,,,,,,,,,,
,,,,,,,,,,,,,,,,,,,,
,,,,,,,,,,,,,,,,,,,,
,,,,,,,,,,,,,,,,,,,,
,,,,,,,,,,,,,,,,,,,,
,,,,,,,,,,,,,,,,,,,,
,,,,,,,,,,,,,,,,,,,,
,,,,,,,,,,,,,,,,,,,,
,,,,,,,,,,,,,,,,,,,,
,,,,,,,,,,,,,,,,,,,,
,,,,,,,,,,,,,,,,,,,,
,,,,,,,,,,,,,,,,,,,,
,,,,,,,,,,,,,,,,,,,,
,,,,,,,,,,,,,,,,,,,,
,,,,,,,,,,,,,,,,,,,,
,,,,,,,,,,,,,,,,,,,,
,,,,,,,,,,,,,,,,,,,,
,,,,,,,,,,,,,,,,,,,,
,,,,,,,,,,,,,,,,,,,,
,,,,,,,,,,,,,,,,,,,,
,,,,,,,,,,,,,,,,,,,,
,,,,,,,,,,,,,,,,,,,,
,,,,,,,,,,,,,,,,,,,,
,,,,,,,,,,,,,,,,,,,,
,,,,,,,,,,,,,,,,,,,,
,,,,,,,,,,,,,,,,,,,,
,,,,,,,,,,,,,,,,,,,,
,,,,,,,,,,,,,,,,,,,,
,,,,,,,,,,,,,,,,,,,,
,,,,,,,,,,,,,,,,,,,,
,,,,,,,,,,,,,,,,,,,,
,,,,,,,,,,,,,,,,,,,,
,,,,,,,,,,,,,,,,,,,,
,,,,,,,,,,,,,,,,,,,,
,,,,,,,,,,,,,,,,,,,,
,,,,,,,,,,,,,,,,,,,,
,,,,,,,,,,,,,,,,,,,,
,,,,,,,,,,,,,,,,,,,,
,,,,,,,,,,,,,,,,,,,,
,,,,,,,,,,,,,,,,,,,,
,,,,,,,,,,,,,,,,,,,,
,,,,,,,,,,,,,,,,,,,,
,,,,,,,,,,,,,,,,,,,,
,,,,,,,,,,,,,,,,,,,,
,,,,,,,,,,,,,,,,,,,,
,,,,,,,,,,,,,,,,,,,,
,,,,,,,,,,,,,,,,,,,,
,,,,,,,,,,,,,,,,,,,,
,,,,,,,,,,,,,,,,,,,,
,,,,,,,,,,,,,,,,,,,,
,,,,,,,,,,,,,,,,,,,,
,,,,,,,,,,,,,,,,,,,,
,,,,,,,,,,,,,,,,,,,,
,,,,,,,,,,,,,,,,,,,,
,,,,,,,,,,,,,,,,,,,,
,,,,,,,,,,,,,,,,,,,,
,,,,,,,,,,,,,,,,,,,,
,,,,,,,,,,,,,,,,,,,,
,,,,,,,,,,,,,,,,,,,,
,,,,,,,,,,,,,,,,,,,,
,,,,,,,,,,,,,,,,,,,,
,,,,,,,,,,,,,,,,,,,,
,,,,,,,,,,,,,,,,,,,,
,,,,,,,,,,,,,,,,,,,,
,,,,,,,,,,,,,,,,,,,,
,,,,,,,,,,,,,,,,,,,,
,,,,,,,,,,,,,,,,,,,,
,,,,,,,,,,,,,,,,,,,,
,,,,,,,,,,,,,,,,,,,,
,,,,,,,,,,,,,,,,,,,,
,,,,,,,,,,,,,,,,,,,,
,,,,,,,,,,,,,,,,,,,,
,,,,,,,,,,,,,,,,,,,,
,,,,,,,,,,,,,,,,,,,,
,,,,,,,,,,,,,,,,,,,,
,,,,,,,,,,,,,,,,,,,,
,,,,,,,,,,,,,,,,,,,,
,,,,,,,,,,,,,,,,,,,,
,,,,,,,,,,,,,,,,,,,,
,,,,,,,,,,,,,,,,,,,,
,,,,,,,,,,,,,,,,,,,,
,,,,,,,,,,,,,,,,,,,,
,,,,,,,,,,,,,,,,,,,,
,,,,,,,,,,,,,,,,,,,,
,,,,,,,,,,,,,,,,,,,,
,,,,,,,,,,,,,,,,,,,,
,,,,,,,,,,,,,,,,,,,,
,,,,,,,,,,,,,,,,,,,,
,,,,,,,,,,,,,,,,,,,,
,,,,,,,,,,,,,,,,,,,,
,,,,,,,,,,,,,,,,,,,,
,,,,,,,,,,,,,,,,,,,,
,,,,,,,,,,,,,,,,,,,,
,,,,,,,,,,,,,,,,,,,,
,,,,,,,,,,,,,,,,,,,,
,,,,,,,,,,,,,,,,,,,,
,,,,,,,,,,,,,,,,,,,,
,,,,,,,,,,,,,,,,,,,,
,,,,,,,,,,,,,,,,,,,,
,,,,,,,,,,,,,,,,,,,,
,,,,,,,,,,,,,,,,,,,,
,,,,,,,,,,,,,,,,,,,,
,,,,,,,,,,,,,,,,,,,,
,,,,,,,,,,,,,,,,,,,,
,,,,,,,,,,,,,,,,,,,,
,,,,,,,,,,,,,,,,,,,,
,,,,,,,,,,,,,,,,,,,,
,,,,,,,,,,,,,,,,,,,,
,,,,,,,,,,,,,,,,,,,,
,,,,,,,,,,,,,,,,,,,,
,,,,,,,,,,,,,,,,,,,,
,,,,,,,,,,,,,,,,,,,,
,,,,,,,,,,,,,,,,,,,,
,,,,,,,,,,,,,,,,,,,,
,,,,,,,,,,,,,,,,,,,,
,,,,,,,,,,,,,,,,,,,,
,,,,,,,,,,,,,,,,,,,,
,,,,,,,,,,,,,,,,,,,,
,,,,,,,,,,,,,,,,,,,,
,,,,,,,,,,,,,,,,,,,,
,,,,,,,,,,,,,,,,,,,,
,,,,,,,,,,,,,,,,,,,,
,,,,,,,,,,,,,,,,,,,,
,,,,,,,,,,,,,,,,,,,,
,,,,,,,,,,,,,,,,,,,,
,,,,,,,,,,,,,,,,,,,,
,,,,,,,,,,,,,,,,,,,,
,,,,,,,,,,,,,,,,,,,,
,,,,,,,,,,,,,,,,,,,,
,,,,,,,,,,,,,,,,,,,,
,,,,,,,,,,,,,,,,,,,,
,,,,,,,,,,,,,,,,,,,,
,,,,,,,,,,,,,,,,,,,,
,,,,,,,,,,,,,,,,,,,,
,,,,,,,,,,,,,,,,,,,,
,,,,,,,,,,,,,,,,,,,,
,,,,,,,,,,,,,,,,,,,,
,,,,,,,,,,,,,,,,,,,,
,,,,,,,,,,,,,,,,,,,,
,,,,,,,,,,,,,,,,,,,,
,,,,,,,,,,,,,,,,,,,,
,,,,,,,,,,,,,,,,,,,,
,,,,,,,,,,,,,,,,,,,,
,,,,,,,,,,,,,,,,,,,,
,,,,,,,,,,,,,,,,,,,,
,,,,,,,,,,,,,,,,,,,,
,,,,,,,,,,,,,,,,,,,,
,,,,,,,,,,,,,,,,,,,,
,,,,,,,,,,,,,,,,,,,,
,,,,,,,,,,,,,,,,,,,,
,,,,,,,,,,,,,,,,,,,,
,,,,,,,,,,,,,,,,,,,,
,,,,,,,,,,,,,,,,,,,,
,,,,,,,,,,,,,,,,,,,,
,,,,,,,,,,,,,,,,,,,,
,,,,,,,,,,,,,,,,,,,,
,,,,,,,,,,,,,,,,,,,,
,,,,,,,,,,,,,,,,,,,,
,,,,,,,,,,,,,,,,,,,,
,,,,,,,,,,,,,,,,,,,,
,,,,,,,,,,,,,,,,,,,,
,,,,,,,,,,,,,,,,,,,,
,,,,,,,,,,,,,,,,,,,,
,,,,,,,,,,,,,,,,,,,,
,,,,,,,,,,,,,,,,,,,,
,,,,,,,,,,,,,,,,,,,,
,,,,,,,,,,,,,,,,,,,,
,,,,,,,,,,,,,,,,,,,,
,,,,,,,,,,,,,,,,,,,,
,,,,,,,,,,,,,,,,,,,,
,,,,,,,,,,,,,,,,,,,,
,,,,,,,,,,,,,,,,,,,,
,,,,,,,,,,,,,,,,,,,,
,,,,,,,,,,,,,,,,,,,,
,,,,,,,,,,,,,,,,,,,,
,,,,,,,,,,,,,,,,,,,,
,,,,,,,,,,,,,,,,,,,,
,,,,,,,,,,,,,,,,,,,,
,,,,,,,,,,,,,,,,,,,,
,,,,,,,,,,,,,,,,,,,,
,,,,,,,,,,,,,,,,,,,,
,,,,,,,,,,,,,,,,,,,,
,,,,,,,,,,,,,,,,,,,,
,,,,,,,,,,,,,,,,,,,,
,,,,,,,,,,,,,,,,,,,,
,,,,,,,,,,,,,,,,,,,,
,,,,,,,,,,,,,,,,,,,,
,,,,,,,,,,,,,,,,,,,,
,,,,,,,,,,,,,,,,,,,,
,,,,,,,,,,,,,,,,,,,,
,,,,,,,,,,,,,,,,,,,,
,,,,,,,,,,,,,,,,,,,,
,,,,,,,,,,,,,,,,,,,,
,,,,,,,,,,,,,,,,,,,,
,,,,,,,,,,,,,,,,,,,,
,,,,,,,,,,,,,,,,,,,,
,,,,,,,,,,,,,,,,,,,,
,,,,,,,,,,,,,,,,,,,,
,,,,,,,,,,,,,,,,,,,,
,,,,,,,,,,,,,,,,,,,,
,,,,,,,,,,,,,,,,,,,,
,,,,,,,,,,,,,,,,,,,,
,,,,,,,,,,,,,,,,,,,,
,,,,,,,,,,,,,,,,,,,,
,,,,,,,,,,,,,,,,,,,,
,,,,,,,,,,,,,,,,,,,,
,,,,,,,,,,,,,,,,,,,,
,,,,,,,,,,,,,,,,,,,,
,,,,,,,,,,,,,,,,,,,,
,,,,,,,,,,,,,,,,,,,,
,,,,,,,,,,,,,,,,,,,,
,,,,,,,,,,,,,,,,,,,,
,,,,,,,,,,,,,,,,,,,,
,,,,,,,,,,,,,,,,,,,,
,,,,,,,,,,,,,,,,,,,,
,,,,,,,,,,,,,,,,,,,,
,,,,,,,,,,,,,,,,,,,,
,,,,,,,,,,,,,,,,,,,,
,,,,,,,,,,,,,,,,,,,,
,,,,,,,,,,,,,,,,,,,,
,,,,,,,,,,,,,,,,,,,,
,,,,,,,,,,,,,,,,,,,,
,,,,,,,,,,,,,,,,,,,,
,,,,,,,,,,,,,,,,,,,,
,,,,,,,,,,,,,,,,,,,,
,,,,,,,,,,,,,,,,,,,,
,,,,,,,,,,,,,,,,,,,,
,,,,,,,,,,,,,,,,,,,,
,,,,,,,,,,,,,,,,,,,,
,,,,,,,,,,,,,,,,,,,,
,,,,,,,,,,,,,,,,,,,,
,,,,,,,,,,,,,,,,,,,,
,,,,,,,,,,,,,,,,,,,,
,,,,,,,,,,,,,,,,,,,,
,,,,,,,,,,,,,,,,,,,,
,,,,,,,,,,,,,,,,,,,,
,,,,,,,,,,,,,,,,,,,,
,,,,,,,,,,,,,,,,,,,,
,,,,,,,,,,,,,,,,,,,,
,,,,,,,,,,,,,,,,,,,,
,,,,,,,,,,,,,,,,,,,,
,,,,,,,,,,,,,,,,,,,,
,,,,,,,,,,,,,,,,,,,,
,,,,,,,,,,,,,,,,,,,,
,,,,,,,,,,,,,,,,,,,,
,,,,,,,,,,,,,,,,,,,,
,,,,,,,,,,,,,,,,,,,,
,,,,,,,,,,,,,,,,,,,,
,,,,,,,,,,,,,,,,,,,,
,,,,,,,,,,,,,,,,,,,,
,,,,,,,,,,,,,,,,,,,,
,,,,,,,,,,,,,,,,,,,,
,,,,,,,,,,,,,,,,,,,,
,,,,,,,,,,,,,,,,,,,,
,,,,,,,,,,,,,,,,,,,,
,,,,,,,,,,,,,,,,,,,,
,,,,,,,,,,,,,,,,,,,,
,,,,,,,,,,,,,,,,,,,,
,,,,,,,,,,,,,,,,,,,,
,,,,,,,,,,,,,,,,,,,,
,,,,,,,,,,,,,,,,,,,,
,,,,,,,,,,,,,,,,,,,,
,,,,,,,,,,,,,,,,,,,,
,,,,,,,,,,,,,,,,,,,,
,,,,,,,,,,,,,,,,,,,,
,,,,,,,,,,,,,,,,,,,,
,,,,,,,,,,,,,,,,,,,,
,,,,,,,,,,,,,,,,,,,,
,,,,,,,,,,,,,,,,,,,,
,,,,,,,,,,,,,,,,,,,,
,,,,,,,,,,,,,,,,,,,,
,,,,,,,,,,,,,,,,,,,,
,,,,,,,,,,,,,,,,,,,,
,,,,,,,,,,,,,,,,,,,,
,,,,,,,,,,,,,,,,,,,,
,,,,,,,,,,,,,,,,,,,,
,,,,,,,,,,,,,,,,,,,,
,,,,,,,,,,,,,,,,,,,,
,,,,,,,,,,,,,,,,,,,,
,,,,,,,,,,,,,,,,,,,,
,,,,,,,,,,,,,,,,,,,,
,,,,,,,,,,,,,,,,,,,,
,,,,,,,,,,,,,,,,,,,,
,,,,,,,,,,,,,,,,,,,,
,,,,,,,,,,,,,,,,,,,,
,,,,,,,,,,,,,,,,,,,,
,,,,,,,,,,,,,,,,,,,,
,,,,,,,,,,,,,,,,,,,,
,,,,,,,,,,,,,,,,,,,,
,,,,,,,,,,,,,,,,,,,,
,,,,,,,,,,,,,,,,,,,,
,,,,,,,,,,,,,,,,,,,,
,,,,,,,,,,,,,,,,,,,,
,,,,,,,,,,,,,,,,,,,,
,,,,,,,,,,,,,,,,,,,,
,,,,,,,,,,,,,,,,,,,,
,,,,,,,,,,,,,,,,,,,,
,,,,,,,,,,,,,,,,,,,,
,,,,,,,,,,,,,,,,,,,,
,,,,,,,,,,,,,,,,,,,,
,,,,,,,,,,,,,,,,,,,,
,,,,,,,,,,,,,,,,,,,,
,,,,,,,,,,,,,,,,,,,,
,,,,,,,,,,,,,,,,,,,,
,,,,,,,,,,,,,,,,,,,,
,,,,,,,,,,,,,,,,,,,,
,,,,,,,,,,,,,,,,,,,,
,,,,,,,,,,,,,,,,,,,,
,,,,,,,,,,,,,,,,,,,,
,,,,,,,,,,,,,,,,,,,,
,,,,,,,,,,,,,,,,,,,,
,,,,,,,,,,,,,,,,,,,,
,,,,,,,,,,,,,,,,,,,,
,,,,,,,,,,,,,,,,,,,,
,,,,,,,,,,,,,,,,,,,,
,,,,,,,,,,,,,,,,,,,,
,,,,,,,,,,,,,,,,,,,,
,,,,,,,,,,,,,,,,,,,,
,,,,,,,,,,,,,,,,,,,,
,,,,,,,,,,,,,,,,,,,,
,,,,,,,,,,,,,,,,,,,,
,,,,,,,,,,,,,,,,,,,,
,,,,,,,,,,,,,,,,,,,,
,,,,,,,,,,,,,,,,,,,,
,,,,,,,,,,,,,,,,,,,,
,,,,,,,,,,,,,,,,,,,,
,,,,,,,,,,,,,,,,,,,,
,,,,,,,,,,,,,,,,,,,,
,,,,,,,,,,,,,,,,,,,,
,,,,,,,,,,,,,,,,,,,,
,,,,,,,,,,,,,,,,,,,,
,,,,,,,,,,,,,,,,,,,,
,,,,,,,,,,,,,,,,,,,,
,,,,,,,,,,,,,,,,,,,,
,,,,,,,,,,,,,,,,,,,,
,,,,,,,,,,,,,,,,,,,,
,,,,,,,,,,,,,,,,,,,,
,,,,,,,,,,,,,,,,,,,,
,,,,,,,,,,,,,,,,,,,,
,,,,,,,,,,,,,,,,,,,,
,,,,,,,,,,,,,,,,,,,,
,,,,,,,,,,,,,,,,,,,,
,,,,,,,,,,,,,,,,,,,,
,,,,,,,,,,,,,,,,,,,,
,,,,,,,,,,,,,,,,,,,,
,,,,,,,,,,,,,,,,,,,,
,,,,,,,,,,,,,,,,,,,,
,,,,,,,,,,,,,,,,,,,,
,,,,,,,,,,,,,,,,,,,,
,,,,,,,,,,,,,,,,,,,,
,,,,,,,,,,,,,,,,,,,,
,,,,,,,,,,,,,,,,,,,,
,,,,,,,,,,,,,,,,,,,,
,,,,,,,,,,,,,,,,,,,,
,,,,,,,,,,,,,,,,,,,,
,,,,,,,,,,,,,,,,,,,,
,,,,,,,,,,,,,,,,,,,,
,,,,,,,,,,,,,,,,,,,,
,,,,,,,,,,,,,,,,,,,,
,,,,,,,,,,,,,,,,,,,,
,,,,,,,,,,,,,,,,,,,,
,,,,,,,,,,,,,,,,,,,,
,,,,,,,,,,,,,,,,,,,,
,,,,,,,,,,,,,,,,,,,,
,,,,,,,,,,,,,,,,,,,,
,,,,,,,,,,,,,,,,,,,,
,,,,,,,,,,,,,,,,,,,,
,,,,,,,,,,,,,,,,,,,,
,,,,,,,,,,,,,,,,,,,,
,,,,,,,,,,,,,,,,,,,,
,,,,,,,,,,,,,,,,,,,,
,,,,,,,,,,,,,,,,,,,,
,,,,,,,,,,,,,,,,,,,,
,,,,,,,,,,,,,,,,,,,,
,,,,,,,,,,,,,,,,,,,,
,,,,,,,,,,,,,,,,,,,,
,,,,,,,,,,,,,,,,,,,,
,,,,,,,,,,,,,,,,,,,,
,,,,,,,,,,,,,,,,,,,,
,,,,,,,,,,,,,,,,,,,,
,,,,,,,,,,,,,,,,,,,,
,,,,,,,,,,,,,,,,,,,,
,,,,,,,,,,,,,,,,,,,,
,,,,,,,,,,,,,,,,,,,,
,,,,,,,,,,,,,,,,,,,,
,,,,,,,,,,,,,,,,,,,,
,,,,,,,,,,,,,,,,,,,,
,,,,,,,,,,,,,,,,,,,,
,,,,,,,,,,,,,,,,,,,,
,,,,,,,,,,,,,,,,,,,,
,,,,,,,,,,,,,,,,,,,,
,,,,,,,,,,,,,,,,,,,,
,,,,,,,,,,,,,,,,,,,,
,,,,,,,,,,,,,,,,,,,,
,,,,,,,,,,,,,,,,,,,,
,,,,,,,,,,,,,,,,,,,,
,,,,,,,,,,,,,,,,,,,,
,,,,,,,,,,,,,,,,,,,,
,,,,,,,,,,,,,,,,,,,,
,,,,,,,,,,,,,,,,,,,,
,,,,,,,,,,,,,,,,,,,,
,,,,,,,,,,,,,,,,,,,,
,,,,,,,,,,,,,,,,,,,,
,,,,,,,,,,,,,,,,,,,,
,,,,,,,,,,,,,,,,,,,,
,,,,,,,,,,,,,,,,,,,,
,,,,,,,,,,,,,,,,,,,,
,,,,,,,,,,,,,,,,,,,,
,,,,,,,,,,,,,,,,,,,,
,,,,,,,,,,,,,,,,,,,,
,,,,,,,,,,,,,,,,,,,,
,,,,,,,,,,,,,,,,,,,,
,,,,,,,,,,,,,,,,,,,,
,,,,,,,,,,,,,,,,,,,,
,,,,,,,,,,,,,,,,,,,,
,,,,,,,,,,,,,,,,,,,,
,,,,,,,,,,,,,,,,,,,,
,,,,,,,,,,,,,,,,,,,,
,,,,,,,,,,,,,,,,,,,,
,,,,,,,,,,,,,,,,,,,,
,,,,,,,,,,,,,,,,,,,,
,,,,,,,,,,,,,,,,,,,,
,,,,,,,,,,,,,,,,,,,,
,,,,,,,,,,,,,,,,,,,,
,,,,,,,,,,,,,,,,,,,,
,,,,,,,,,,,,,,,,,,,,
,,,,,,,,,,,,,,,,,,,,
,,,,,,,,,,,,,,,,,,,,
,,,,,,,,,,,,,,,,,,,,
,,,,,,,,,,,,,,,,,,,,
,,,,,,,,,,,,,,,,,,,,
,,,,,,,,,,,,,,,,,,,,
,,,,,,,,,,,,,,,,,,,,
,,,,,,,,,,,,,,,,,,,,
,,,,,,,,,,,,,,,,,,,,
,,,,,,,,,,,,,,,,,,,,
,,,,,,,,,,,,,,,,,,,,
,,,,,,,,,,,,,,,,,,,,
,,,,,,,,,,,,,,,,,,,,
,,,,,,,,,,,,,,,,,,,,
,,,,,,,,,,,,,,,,,,,,
,,,,,,,,,,,,,,,,,,,,
,,,,,,,,,,,,,,,,,,,,
,,,,,,,,,,,,,,,,,,,,
,,,,,,,,,,,,,,,,,,,,
,,,,,,,,,,,,,,,,,,,,
,,,,,,,,,,,,,,,,,,,,
,,,,,,,,,,,,,,,,,,,,
,,,,,,,,,,,,,,,,,,,,
,,,,,,,,,,,,,,,,,,,,
,,,,,,,,,,,,,,,,,,,,
,,,,,,,,,,,,,,,,,,,,
,,,,,,,,,,,,,,,,,,,,
,,,,,,,,,,,,,,,,,,,,
,,,,,,,,,,,,,,,,,,,,
,,,,,,,,,,,,,,,,,,,,
,,,,,,,,,,,,,,,,,,,,
,,,,,,,,,,,,,,,,,,,,
,,,,,,,,,,,,,,,,,,,,
,,,,,,,,,,,,,,,,,,,,
,,,,,,,,,,,,,,,,,,,,
,,,,,,,,,,,,,,,,,,,,
,,,,,,,,,,,,,,,,,,,,
,,,,,,,,,,,,,,,,,,,,
,,,,,,,,,,,,,,,,,,,,
,,,,,,,,,,,,,,,,,,,,
,,,,,,,,,,,,,,,,,,,,
,,,,,,,,,,,,,,,,,,,,
,,,,,,,,,,,,,,,,,,,,
,,,,,,,,,,,,,,,,,,,,
,,,,,,,,,,,,,,,,,,,,
,,,,,,,,,,,,,,,,,,,,
,,,,,,,,,,,,,,,,,,,,
,,,,,,,,,,,,,,,,,,,,
,,,,,,,,,,,,,,,,,,,,
,,,,,,,,,,,,,,,,,,,,
,,,,,,,,,,,,,,,,,,,,
,,,,,,,,,,,,,,,,,,,,
,,,,,,,,,,,,,,,,,,,,
,,,,,,,,,,,,,,,,,,,,
,,,,,,,,,,,,,,,,,,,,
,,,,,,,,,,,,,,,,,,,,
,,,,,,,,,,,,,,,,,,,,
,,,,,,,,,,,,,,,,,,,,
,,,,,,,,,,,,,,,,,,,,
,,,,,,,,,,,,,,,,,,,,
,,,,,,,,,,,,,,,,,,,,
,,,,,,,,,,,,,,,,,,,,
,,,,,,,,,,,,,,,,,,,,
,,,,,,,,,,,,,,,,,,,,
,,,,,,,,,,,,,,,,,,,,
,,,,,,,,,,,,,,,,,,,,
,,,,,,,,,,,,,,,,,,,,
,,,,,,,,,,,,,,,,,,,,
,,,,,,,,,,,,,,,,,,,,
,,,,,,,,,,,,,,,,,,,,
,,,,,,,,,,,,,,,,,,,,
,,,,,,,,,,,,,,,,,,,,
,,,,,,,,,,,,,,,,,,,,
,,,,,,,,,,,,,,,,,,,,
,,,,,,,,,,,,,,,,,,,,
,,,,,,,,,,,,,,,,,,,,
,,,,,,,,,,,,,,,,,,,,
,,,,,,,,,,,,,,,,,,,,
,,,,,,,,,,,,,,,,,,,,
,,,,,,,,,,,,,,,,,,,,
,,,,,,,,,,,,,,,,,,,,
,,,,,,,,,,,,,,,,,,,,
,,,,,,,,,,,,,,,,,,,,
,,,,,,,,,,,,,,,,,,,,
,,,,,,,,,,,,,,,,,,,,
,,,,,,,,,,,,,,,,,,,,
,,,,,,,,,,,,,,,,,,,,
,,,,,,,,,,,,,,,,,,,,
,,,,,,,,,,,,,,,,,,,,
,,,,,,,,,,,,,,,,,,,,
,,,,,,,,,,,,,,,,,,,,
,,,,,,,,,,,,,,,,,,,,
,,,,,,,,,,,,,,,,,,,,
,,,,,,,,,,,,,,,,,,,,
,,,,,,,,,,,,,,,,,,,,
,,,,,,,,,,,,,,,,,,,,
,,,,,,,,,,,,,,,,,,,,
,,,,,,,,,,,,,,,,,,,,
,,,,,,,,,,,,,,,,,,,,
,,,,,,,,,,,,,,,,,,,,
,,,,,,,,,,,,,,,,,,,,
,,,,,,,,,,,,,,,,,,,,
,,,,,,,,,,,,,,,,,,,,
,,,,,,,,,,,,,,,,,,,,
,,,,,,,,,,,,,,,,,,,,
,,,,,,,,,,,,,,,,,,,,
,,,,,,,,,,,,,,,,,,,,
,,,,,,,,,,,,,,,,,,,,
,,,,,,,,,,,,,,,,,,,,
,,,,,,,,,,,,,,,,,,,,
,,,,,,,,,,,,,,,,,,,,
,,,,,,,,,,,,,,,,,,,,
,,,,,,,,,,,,,,,,,,,,
,,,,,,,,,,,,,,,,,,,,
,,,,,,,,,,,,,,,,,,,,
,,,,,,,,,,,,,,,,,,,,
,,,,,,,,,,,,,,,,,,,,
,,,,,,,,,,,,,,,,,,,,
,,,,,,,,,,,,,,,,,,,,
,,,,,,,,,,,,,,,,,,,,
,,,,,,,,,,,,,,,,,,,,
,,,,,,,,,,,,,,,,,,,,
,,,,,,,,,,,,,,,,,,,,
,,,,,,,,,,,,,,,,,,,,
,,,,,,,,,,,,,,,,,,,,
,,,,,,,,,,,,,,,,,,,,
,,,,,,,,,,,,,,,,,,,,
,,,,,,,,,,,,,,,,,,,,
,,,,,,,,,,,,,,,,,,,,
,,,,,,,,,,,,,,,,,,,,
,,,,,,,,,,,,,,,,,,,,
,,,,,,,,,,,,,,,,,,,,
,,,,,,,,,,,,,,,,,,,,
,,,,,,,,,,,,,,,,,,,,
,,,,,,,,,,,,,,,,,,,,
,,,,,,,,,,,,,,,,,,,,
,,,,,,,,,,,,,,,,,,,,
,,,,,,,,,,,,,,,,,,,,
,,,,,,,,,,,,,,,,,,,,
,,,,,,,,,,,,,,,,,,,,
,,,,,,,,,,,,,,,,,,,,
,,,,,,,,,,,,,,,,,,,,
,,,,,,,,,,,,,,,,,,,,
,,,,,,,,,,,,,,,,,,,,
,,,,,,,,,,,,,,,,,,,,
,,,,,,,,,,,,,,,,,,,,
,,,,,,,,,,,,,,,,,,,,
,,,,,,,,,,,,,,,,,,,,
,,,,,,,,,,,,,,,,,,,,
,,,,,,,,,,,,,,,,,,,,
,,,,,,,,,,,,,,,,,,,,
,,,,,,,,,,,,,,,,,,,,
,,,,,,,,,,,,,,,,,,,,
,,,,,,,,,,,,,,,,,,,,
,,,,,,,,,,,,,,,,,,,,
,,,,,,,,,,,,,,,,,,,,
,,,,,,,,,,,,,,,,,,,,
,,,,,,,,,,,,,,,,,,,,
,,,,,,,,,,,,,,,,,,,,
,,,,,,,,,,,,,,,,,,,,
,,,,,,,,,,,,,,,,,,,,
,,,,,,,,,,,,,,,,,,,,
,,,,,,,,,,,,,,,,,,,,
,,,,,,,,,,,,,,,,,,,,
,,,,,,,,,,,,,,,,,,,,
,,,,,,,,,,,,,,,,,,,,
,,,,,,,,,,,,,,,,,,,,
,,,,,,,,,,,,,,,,,,,,
,,,,,,,,,,,,,,,,,,,,
,,,,,,,,,,,,,,,,,,,,
,,,,,,,,,,,,,,,,,,,,
,,,,,,,,,,,,,,,,,,,,
,,,,,,,,,,,,,,,,,,,,
,,,,,,,,,,,,,,,,,,,,
,,,,,,,,,,,,,,,,,,,,
,,,,,,,,,,,,,,,,,,,,
,,,,,,,,,,,,,,,,,,,,
,,,,,,,,,,,,,,,,,,,,
,,,,,,,,,,,,,,,,,,,,
,,,,,,,,,,,,,,,,,,,,
,,,,,,,,,,,,,,,,,,,,
,,,,,,,,,,,,,,,,,,,,
,,,,,,,,,,,,,,,,,,,,
,,,,,,,,,,,,,,,,,,,,
,,,,,,,,,,,,,,,,,,,,
,,,,,,,,,,,,,,,,,,,,
,,,,,,,,,,,,,,,,,,,,
,,,,,,,,,,,,,,,,,,,,
,,,,,,,,,,,,,,,,,,,,
,,,,,,,,,,,,,,,,,,,,
,,,,,,,,,,,,,,,,,,,,
,,,,,,,,,,,,,,,,,,,,
,,,,,,,,,,,,,,,,,,,,
,,,,,,,,,,,,,,,,,,,,
,,,,,,,,,,,,,,,,,,,,
,,,,,,,,,,,,,,,,,,,,
,,,,,,,,,,,,,,,,,,,,
,,,,,,,,,,,,,,,,,,,,
,,,,,,,,,,,,,,,,,,,,
,,,,,,,,,,,,,,,,,,,,
,,,,,,,,,,,,,,,,,,,,
,,,,,,,,,,,,,,,,,,,,
,,,,,,,,,,,,,,,,,,,,
,,,,,,,,,,,,,,,,,,,,
,,,,,,,,,,,,,,,,,,,,
